dh_a,dh_alpha,dh_d,dh_theta
0,1.570796327,103.91,0
205.73,0,0,1.3342
200,0,0,-1.3342
0,1.570796327,0,1.570796327
0,0,174.15,0
