dh_a,dh_alpha,dh_d,dh_theta
0,1.570796327,103.91,0
200,0,0,0
200,0,0,0
65,1.570796327,0,1.570796327
0,0,66,0